order_id,customer_id,order_status,order_purchase_timestamp,order_delivered_customer_date,order_estimated_delivery_date
3d7e8f32f5b59e005ccfc1076b4040b5,2d5fffafdb7a4df6df450ab48689a7b0,delivered,2016-10-08 22:34:11,2016-10-15 05:02:06,2016-12-12 00:00:00
b19169c7cb8391fb8561e094d61c531a,620732fed5579e0bdfdddee02aad4c54,delivered,2016-10-10 15:49:59,2016-10-28 14:43:41,2016-12-02 00:00:00
dd359d3c294458c6d642b2eea9212bf5,ea52ee6d81654c6e71ccb379095539d0,invoiced,2016-10-04 13:02:10,NaN,2016-11-24 00:00:00
06d7e8a85f5cfef576c5303ed7d7f2e5,05ce0877a2e5b2962c27bb5ebe62caad,delivered,2016-10-07 12:06:30,2016-10-19 18:51:24,2016-12-01 00:00:00
8d47519f5c9c42540b37bd3db0492878,1dca431885dd72251e23f8bfe57326a8,delivered,2016-10-04 21:32:35,2016-11-07 15:11:47,2016-11-30 00:00:00
dd11631d8b02780b78bd97ec44a1ca8c,a05daaa7b79d7053da895ee3b342cf2d,delivered,2016-10-04 23:08:08,2016-11-04 12:45:51,2016-11-28 00:00:00
509a52223ecac6d67fb765b3b37c6974,1fc77bb785f297743a18fac02b30de62,delivered,2016-10-06 18:11:11,2016-10-26 12:21:06,2016-12-08 00:00:00
f3f12fc90564a9b036680a887cd64668,2adbfd185ec2db71abb59a54b08c91ad,delivered,2016-10-04 13:15:52,2016-11-01 18:07:25,2016-11-24 00:00:00
262118ce178bb3e4590a3adcf6d62e6b,2a69da30b726b7f3db7f1059af5d4304,delivered,2016-10-06 14:59:56,2016-11-17 16:23:46,2016-11-30 00:00:00
dabf2b0e35b423f94618bf965fcb7514,5cdec0bb8cbdf53ffc8fdc212cd247c6,canceled,2016-10-09 00:56:52,2016-10-16 14:36:59,2016-11-30 00:00:00
7e2dddf174cc4d2768bf39c43ab2bd7a,39256804b05cde32ac8f5ed003645f6b,delivered,2016-10-09 15:10:41,2016-11-10 09:27:42,2016-12-02 00:00:00
91c96626f9e13b1b71a1f3e7ed52dd7a,1dad9e4bede5567523c2b61690408173,delivered,2016-10-08 21:04:27,2016-10-26 14:33:48,2016-12-14 00:00:00
4421f094ff828b78aba6d18db005821d,ef81b90301795cbf03ef944ee16ed438,delivered,2016-10-10 10:22:55,2016-11-01 10:28:49,2016-12-08 00:00:00
76458889992169d3135b264dc13aec67,b7770073b02ed1d626a027ce86a4ff82,delivered,2016-10-07 10:05:16,2016-10-20 18:03:17,2016-11-29 00:00:00
1c4deb98d216d2fda120204a5fcfb57d,1cca1abf9fe910ae8f0ad2e332a3098e,delivered,2016-10-04 23:26:51,2016-10-31 21:49:01,2016-11-30 00:00:00
d3f7c0e804b501782903f7af749eb797,303f96887b473d72e34c2d0e492fa43b,delivered,2016-10-10 13:57:41,2016-10-17 15:42:00,2016-12-02 00:00:00
123e27a1a4d0b2481d8618ac3dff7d4e,2661ec0f4f32504deec828788a845b93,canceled,2016-10-08 12:44:32,NaN,2016-11-18 00:00:00
5f4c8250b9e6ee47971e0b19da4aa0f2,14a2912b7f370c345cebcda474774f55,delivered,2016-10-08 10:31:00,2016-11-18 16:05:46,2016-12-06 00:00:00
25f680bf746bec3df11d48318ff015de,0e02bdf960198a4a18cde1eb87c230b3,delivered,2016-10-09 22:42:35,2016-11-01 18:04:41,2016-12-02 00:00:00
de8f4a82099fe4fa6bcb8952ca51420f,13db9c37d449305364a897e44f479406,delivered,2016-10-10 16:00:30,2016-10-17 17:43:19,2016-12-14 00:00:00
42c5091238dc63339c79f5f35f8a5a6b,2e50f32ef890bff070fc82627c078120,invoiced,2016-10-10 09:57:05,NaN,2016-12-02 00:00:00
64f5569ef96004a1e1137bdf28fd4c45,59cd85e2ee958a5bec765f2f07861395,delivered,2016-10-05 21:10:56,2016-10-31 13:27:40,2016-11-29 00:00:00
deb08269080b64b8e69bcd06b808889a,2605d144097120a05a112c61bd1c4397,delivered,2016-10-08 15:47:56,2016-10-15 01:01:29,2016-11-30 00:00:00
4eca6c2d172953276c75dd0e1bedce25,2e6917b2bc0ad0cbff4525e986bf2ed9,delivered,2016-10-06 16:13:30,2016-10-13 16:51:46,2016-11-28 00:00:00
6b5e619dedba6d4297fb10dd5886912f,9ff88efe6c5c047c8894c5e6c2cd206f,delivered,2016-10-08 17:43:25,2016-10-20 22:09:06,2016-11-30 00:00:00
dbbbc904081f8e928028432e2e3d7686,1d34ed25963d5aae4cf3d7f3a4cda173,canceled,2016-10-06 13:24:15,NaN,2016-12-14 00:00:00
8213bc96304fc0881189c4525f3002f7,109bcee36cb1e7470c1c23f6e0199996,delivered,2016-10-10 07:53:34,2016-10-17 12:03:38,2016-12-02 00:00:00
0c22166d9f7e5761e397affa5af438c7,03dffa43f4eb19d5bb46183e6be9c03f,delivered,2016-10-09 22:31:44,2016-10-31 15:32:04,2016-12-14 00:00:00
e2ea01f68f92f0c55b08ca739af834b6,258c52543b8045fe23644c47a645c9fb,delivered,2016-10-08 10:55:44,2016-10-27 10:58:35,2017-01-11 00:00:00
62246c16a32a0866943f17d7b42db940,a55ff18e4390604bedf99daa85a288cc,delivered,2016-10-06 00:06:17,2016-10-31 09:45:54,2016-12-02 00:00:00
5f834cc4ee109c58dff88c60b8ba5ecf,1124aa987445b3d3f42412a375522a89,delivered,2016-10-10 11:22:36,2016-10-24 16:35:18,2016-12-06 00:00:00
b3aa45b7ba0f950a1b163a9f85f613de,077d43174992dd5e7fb9d336890ab289,delivered,2016-10-09 13:31:57,2016-10-19 19:05:42,2016-11-30 00:00:00
65d1e226dfaeb8cdc42f665422522d14,2327e8c7d289aab1d3508440c2111cc0,canceled,2016-10-03 21:01:41,2016-11-08 10:58:34,2016-11-25 00:00:00
1e8c2b738fde51956f03f1a59bc86003,34af4d04a7a8bf9f3165365b13b10878,delivered,2016-10-08 10:07:25,2016-11-04 14:32:04,2016-12-14 00:00:00
0a5d7e24850c68bf00d39bd62a9a45ee,1966bcc7091bfb3c656d15de1f2fec01,delivered,2016-10-09 11:43:43,2016-10-28 06:07:44,2016-12-06 00:00:00
80606b26965c5ed21e85a085e0667b63,33d806c441a4bc19a00471b97edb3f14,delivered,2016-10-04 11:03:14,2016-11-17 19:14:41,2016-12-08 00:00:00
555761ab2426364f42e9e018047df4e0,1690401c1e48c9526a79e72ba8c069a2,delivered,2016-10-07 14:42:24,2016-10-31 10:44:43,2016-12-05 00:00:00
cf47ad2fb60cae3f74b943646f685c94,053716fea805d6b29d6f8b6113fefe4d,delivered,2016-10-05 20:09:05,2016-10-24 18:11:32,2016-12-09 00:00:00
2c45c33d2f9cb8ff8b1c86cc28c11c30,674726e22be3793ff1ca03835381d770,canceled,2016-10-09 15:39:56,2016-11-09 14:53:50,2016-12-08 00:00:00
d263c89354a73314488491185858af42,4e0d465bf7a56e22b91d75f01e5c8b0e,delivered,2016-10-10 04:49:29,2016-10-18 06:03:07,2016-11-30 00:00:00
ac2b7c522d811acba0aa270ed3e112e4,1bee76a927995b16bc122faaa93899d2,delivered,2016-10-05 15:08:00,2016-10-13 15:44:27,2016-11-29 00:00:00
8c72f52f7655510c1ec81f3b9019c638,393d64cafa977bd5aeeb4724bdf29d03,delivered,2016-10-09 22:44:21,2016-10-17 12:03:34,2016-12-02 00:00:00
e9555dc20eba7e4e62210df1f438ea00,a69ec5f1dbf0907aecdb6eb748f70036,delivered,2016-10-08 11:33:25,2016-10-15 13:19:54,2016-12-06 00:00:00
34c718970b33419ed6d537a90366231b,24c75f9811e066333bad50ce22419e1c,delivered,2016-10-05 08:41:18,2016-10-31 21:41:26,2016-11-29 00:00:00
2f9d4ee8ca77fe0951ebfe9064cad953,2d2037b93b52f5a7ac9e286e8bd69d15,delivered,2016-10-09 23:38:19,2016-10-29 06:53:49,2016-11-30 00:00:00
2e7a8482f6fb09756ca50c10d7bfc047,08c5351a6aca1c1589a38f244edeee9d,shipped,2016-09-04 21:15:19,NaN,2016-10-20 00:00:00
5cb8558cbb7c0c2f00f43468579d3e3c,2ff5a6455514da421bd25d6e4ceb1d12,shipped,2016-10-04 15:02:37,NaN,2016-12-02 00:00:00
2e32dea8a4d1ae5499a67674b387bc6a,9785bdb5fcba28eacc5e1dec628fe07a,delivered,2016-10-06 02:53:39,2016-10-27 14:02:34,2016-11-28 00:00:00
2fd1c83dd4714cf3cf796fffb6c8de62,7f51c513004ef3f35e834c142f286778,unavailable,2016-10-05 17:21:29,NaN,2016-11-29 00:00:00
0a0837a5eee9e7a9ce2b1fa831944d27,21f1477f3d02e7fd1ba28dc6c596dc17,delivered,2016-10-04 09:06:10,2016-10-22 14:51:18,2016-11-24 00:00:00
e90f9a57c17a06b37c5830a2ab1bd209,c5ad44e41c6bb1195a7cbe476af25449,delivered,2016-10-07 08:28:42,2016-10-15 04:17:21,2016-12-07 00:00:00
2e8e21db96a8ab922e51cd297678c6b2,09321f51c8b1b174dac932353c44a386,delivered,2016-10-09 12:13:58,2016-10-28 14:11:47,2016-12-02 00:00:00
b44d71edad65f41824d2e177470ef8f6,1450ddb1608a577774a00883141be98e,delivered,2016-10-10 15:23:51,2016-10-24 18:02:55,2016-11-30 00:00:00
a8846701b9f3e21e64c9062ed3f4dfd7,264962f8c8f5289ab19f1275c25b321d,delivered,2016-10-07 11:33:35,2016-10-14 12:15:24,2016-12-05 00:00:00
ce9840efc17fbec501472f7c784be1bf,0b171140ee2baf7b6039c45ee04d8abf,delivered,2016-10-06 23:21:10,2016-10-24 16:25:50,2016-11-30 00:00:00
1b2d622f7ebb8e65f7de3e389f052540,0dc0162bbe9965694a426d8c6f1a56fb,delivered,2016-10-06 11:05:43,2016-10-27 08:14:36,2016-11-28 00:00:00
a6475bb7a50387e3c665534e15bd40ac,010ac941a52f7717d87471a7da831cd0,invoiced,2016-10-04 16:28:25,NaN,2016-11-28 00:00:00
8b160e3e272dcca4665850aae31ae6fd,b04387f66716ae227cca39f8ad86ddf9,delivered,2016-10-08 22:41:36,2016-10-26 15:55:42,2016-11-30 00:00:00
83812118bb682267a9880ea1b261ac4b,2a4724a4320ba30b69c549ff4c32e2d0,delivered,2016-10-04 15:07:21,2016-10-31 21:57:07,2016-12-08 00:00:00
5bda3e4d7080c484cd646a53165a7892,0863ec11de6ce167e48d77313f91d83b,delivered,2016-10-07 21:30:12,2016-11-16 23:47:37,2016-11-29 00:00:00
be5bc2f0da14d8071e2d45451ad119d9,287d466084573ecace619577f69640b2,delivered,2016-10-03 16:56:50,2016-10-27 18:19:38,2016-11-07 00:00:00
11837ac14fcdfb163c0b78d91be89498,3779bc83dd081d3bbaca961b1239d1c9,delivered,2016-10-06 13:39:20,2016-11-16 10:54:00,2016-12-02 00:00:00
119d2d80c921d5b4806a1b19b4e8c531,134a1bdf2deb906cf9e47363d42a8ff5,delivered,2016-10-07 19:02:48,2016-10-14 19:29:13,2016-12-01 00:00:00
39d0be719247e3b3a38846ba810197ea,0f51eea87ae9e277d0f099d51637772d,delivered,2016-10-04 16:02:18,2016-11-07 16:55:57,2016-12-12 00:00:00
552e0a8dae101e32155120202f427b71,d1167e026b86aff77a4599738bf972dd,canceled,2016-10-09 11:23:21,NaN,2016-12-12 00:00:00
3b2ca3293a7ce539ea2379d704fa37ce,06a70917afd2dcd59396e1eac836c646,delivered,2016-10-05 12:44:09,2016-11-17 19:53:49,2016-11-25 00:00:00
e439ced3d48f1a77f6ecc029cc946a6f,163d02fbf4c0a8c056d41c7a0862f596,delivered,2016-10-07 22:35:59,2016-10-25 21:15:45,2016-12-01 00:00:00
18dad78c0f87f4c45ef196daeaa3ffbb,32a079c19bb9adf352e0e93c4fb9bd40,delivered,2016-10-05 08:01:47,2016-10-17 16:47:46,2016-11-29 00:00:00
1dd1d53c1ea5df0ef093bf150807315f,1d6ed38c8b6ab482c59215aac29ed59f,delivered,2016-10-07 10:44:21,2016-10-31 12:13:44,2016-12-01 00:00:00
f688669f48063536e082bb32d634cd46,85442da9cbd169529443a1d088a56346,delivered,2016-10-07 10:28:56,2016-10-20 20:33:27,2016-11-29 00:00:00
8c78d01de3a9009e23d6877a7cc9be20,6cd7106899e59a1fbd0622d5f1efedf4,delivered,2016-10-08 15:36:50,2016-10-25 17:51:46,2016-11-30 00:00:00
bd50a7fe9fd97ea4b7663031a319e150,0975c3cf2e418ebfa5d1191a2dffd59d,delivered,2016-12-23 23:16:47,2016-12-28 15:54:44,2017-01-19 00:00:00
60762802b48bb6d256d55b013d115013,01be2c0c2d55c597b5ec011e26e4b0d1,delivered,2016-10-04 14:49:13,2016-10-31 23:13:42,2016-11-24 00:00:00
dc5f6cd4492bbffe5bcda9b87856c9a5,2ebf822bbf33241c7bffb42235519f92,delivered,2016-10-05 13:12:43,2016-10-27 12:33:29,2016-11-29 00:00:00
f205336be829af209878b6339cf02c7e,2aba5a3c63d560154bc75ce4f52ee553,delivered,2016-10-06 09:59:13,2016-10-27 17:55:56,2016-11-30 00:00:00
02a0eb7c22b0616c767a45954a2a28f6,0aad653c95d2d993aebe800c60a35558,invoiced,2016-10-09 10:34:58,NaN,2016-12-12 00:00:00
5da2004d85f2828349d887c989da2adc,0e7dc1a303c6c24a96103b216d443185,delivered,2016-10-05 20:20:59,2016-11-26 08:16:49,2016-11-29 00:00:00
edb2a55c055efbb898171ec9fd840ab9,193fc54759c7948c87e0795ada003c69,invoiced,2016-10-06 16:34:16,NaN,2016-11-28 00:00:00
719628a909505f12f342015fd53a8d43,220504d6aa9c2b1de671c7a3c487a537,delivered,2016-10-05 14:49:49,2016-10-18 19:17:36,2016-11-25 00:00:00
45ec58d30f2023e4dac16d956a657ddd,0767440fcb6f6ca85a6d50c8f633ed51,delivered,2016-10-10 10:28:51,2016-10-27 17:32:07,2016-11-30 00:00:00
b330d4bdde86ff11a726ee57dd2a7d75,0fb5021bb0f0d46a5a11c1a668931be1,delivered,2016-10-05 22:24:40,2016-10-17 19:31:23,2016-11-25 00:00:00
96123b9ae5a9cdfd4efe5fe402a94675,35066f8de10e6dd4bf75b093694e2770,delivered,2016-10-07 16:50:52,2016-10-27 10:07:30,2016-12-05 00:00:00
35b8e54d765e6b217e2dc5ab34f6b323,1aaa5eaa9dd9bafb385aadc1930ef8e4,invoiced,2016-10-06 12:23:07,NaN,2016-11-30 00:00:00
5226f1a731e8a1215da5e1bea64e2130,31dd6b1c9b6c27e774c03bd264a29bf1,canceled,2016-10-10 09:51:13,NaN,2016-11-18 00:00:00
1ebeec1bb9ce388ee2e00d401058ca8b,21e11bcb4f1fee9d56abf583189acfa1,delivered,2016-10-09 22:36:49,2016-10-15 05:02:16,2016-12-02 00:00:00
27c7c6aa7b6f3de99d2a3a64674d296f,04f257b05acbafc20d4886c8b12d0244,delivered,2016-10-05 22:53:45,2016-10-18 20:14:38,2016-12-01 00:00:00
bcbc0973414b1dd97555e6f8e9713cfa,3f6f000d5b0a959f38481fad4ab7cac2,delivered,2016-10-04 23:59:01,2016-10-16 10:41:50,2016-11-28 00:00:00
d3a84031db6c5de813d5a3a3489712ca,a5bda6def3f77258ca2027b7d4a384e9,delivered,2016-10-09 23:25:13,2016-10-14 11:03:10,2016-11-30 00:00:00
46046adea0e222a29259bad3d922fee8,0f1136795aeced1e4e1eda78813a535d,delivered,2016-10-04 10:41:17,2016-10-24 16:29:32,2016-11-28 00:00:00
1612081119e8f23745698ad3367cc14b,243b40772b00e4ba69a769305b7deb72,unavailable,2016-10-05 18:06:48,NaN,2016-11-17 00:00:00
1aecadf4362edaca7fa033e882076c8d,1358c61e82221ecc4d165d21123eb23d,canceled,2016-10-04 10:05:45,NaN,2016-11-24 00:00:00
05c7d88e9c05e1fa1428f1ff2dcc29da,0f75bccc040aa9f03477f4fe05c62433,delivered,2016-10-07 02:41:42,2016-11-03 09:13:52,2016-11-29 00:00:00
bfbd0f9bdef84302105ad712db648a6c,86dc2ffce2dfff336de2f386a786e574,delivered,2016-09-15 12:16:38,2016-11-09 07:47:38,2016-10-04 00:00:00
e5fa5a7210941f7d56d0208e4e071d35,1f29853d60df493b26e7ba886879afd3,canceled,2016-09-05 00:15:34,NaN,2016-10-28 00:00:00
6eb51c1c9c69f78ea9fd4665fb98b7d2,08a761b27ad72e5fa65e351ca23bb2f5,delivered,2016-10-04 16:40:07,2016-10-13 15:56:11,2016-11-24 00:00:00
1ff217aa612f6cd7c4255c9bfe931c8b,04c6e463d6568c157c2b96e5a4e34a23,delivered,2016-10-04 09:16:33,2016-10-24 16:33:45,2016-11-24 00:00:00
b582532527260a8be949eac9f4d0ccff,b49786f49847d2fecf5ba2d455321642,delivered,2016-10-08 14:31:26,2016-10-24 05:05:30,2016-12-14 00:00:00
5c5c9fde60ffb741545cf2608e8c12ca,ef5c01ebdd912188ba1f81f4a6b9a902,delivered,2016-10-09 23:55:30,2016-10-19 11:47:52,2016-12-02 00:00:00
4fb7f38042d214ada4d81cc23d228cc8,d3fcc52e324c3c31feadab1600cee977,delivered,2016-10-10 00:01:50,2016-11-16 17:17:53,2016-12-14 00:00:00
c549f0d88f33bfe43351b893f1fb55ac,1809b56e12fc169272b817677c509ddf,canceled,2016-10-06 13:21:05,NaN,2016-11-16 00:00:00
c98b0fbac2717f072d5089e8af088304,1c1e931635c21508c29086be9de9aada,delivered,2016-10-08 18:45:34,2016-10-16 14:57:02,2016-11-30 00:00:00
6335afd8e6b7eb0ebc8bb71ea0008f6f,bd17260667bf9ba6fc98095baadc4d8c,delivered,2016-10-08 02:18:43,2016-10-17 12:03:07,2016-11-30 00:00:00
2ce9683175cdab7d1c95bcbb3e36f478,339db63dd455ed856b62804c7f4d3a7f,invoiced,2016-10-05 21:03:33,NaN,2016-11-25 00:00:00
0ca768c507d1fc3c61bd950bb1c5231a,623795ecd2f7580e1460a1af8f4b8f53,delivered,2016-10-10 15:20:14,2016-11-07 14:51:45,2016-12-06 00:00:00
59fa27082bb77c5dbd8a6568f3b34380,1013b3cb87e89aa951b7f556f8c26d33,delivered,2016-10-06 11:32:00,2016-11-01 15:04:41,2016-11-28 00:00:00
c78634fb21ecbb54b2b2498a660082ac,7c72a0cfc64d38509b262a4e85c84d9a,delivered,2016-10-07 16:56:35,2016-10-26 15:27:35,2016-11-29 00:00:00
df30f88407baa98218b16abe7032899a,1a6829104b045d6b112f944fda049193,delivered,2016-10-08 11:50:02,2016-10-15 13:22:13,2016-12-06 00:00:00
f9c44da06151c190a9a6c9c712873d10,070db51ef1d6a1bd858c21b03de83e66,delivered,2016-10-08 22:11:57,2016-10-15 15:09:06,2016-11-30 00:00:00
3f72d2b757e725cd48a4726f831c7789,a9568489e5db4fb0153e27a71f4bc3f5,delivered,2016-10-04 13:15:46,2016-10-17 11:25:59,2016-11-28 00:00:00
22613579f7d11cc59c4347526fc3c79e,1e230d328938b07141e28583f50af1af,delivered,2016-10-04 13:45:08,2016-10-18 22:35:47,2016-11-28 00:00:00
67418605ab8f9414a2e238bbcdde1312,2ea63b3fd878c5c4d6cfa15af36f9298,delivered,2016-10-08 14:48:08,2016-10-15 18:34:07,2016-11-30 00:00:00
d2d67121a09535b3a7b6a000e58d8625,c512d7bc9c2e0fcd3f3d38c15206b052,delivered,2016-10-04 22:15:11,2016-10-13 16:00:43,2016-11-24 00:00:00
517e0a52c193102990befc46a5c5245a,07ea600bb145c172bb93190abb2081b9,delivered,2016-10-06 22:34:03,2016-10-18 20:23:49,2016-11-28 00:00:00
9d664ec86be69d869bb6870294c4fdd8,0a9ee4d9030acbe428769c79d0c4da69,delivered,2016-10-08 15:02:10,2016-10-31 11:35:45,2016-12-12 00:00:00
cda873529ca7ab71f677d5ec11a40304,2efa8d107eb5b62a6506419325b8fc28,shipped,2016-10-05 16:57:30,NaN,2016-12-01 00:00:00
1b122a7be89622f672bb41380a83b69f,20efb5c040966aba7e0300047a229831,delivered,2016-10-08 21:37:30,2016-10-15 22:02:14,2016-11-30 00:00:00
799dc0fd216e2a8e571a2684ddb6f940,12ca54ef905df73b98dcf7ccb0b92d92,canceled,2016-10-05 22:49:57,NaN,2016-12-23 00:00:00
8beb59392e21af5eb9547ae1a9938d06,f40e11fcab48bea5f847eff467a841a0,canceled,2016-10-08 20:17:50,2016-10-19 18:47:43,2016-11-30 00:00:00
36989eb07a0de2d3d3129eea35553875,aadd27185177fc7ac9b364898ac09343,delivered,2016-10-04 13:11:29,2016-10-11 13:46:32,2016-12-06 00:00:00
03ffce741877a000ca0fb3520673d4c4,2153cb587e3b6aad494beb2b208e10fc,delivered,2016-10-05 15:17:57,2016-10-25 20:28:33,2016-12-09 00:00:00
966f96af9d189dc428ff04ebbca821b8,15f4d0b2acbd4c1deb4d62a8111fc846,canceled,2016-10-04 20:41:45,NaN,2016-11-24 00:00:00
b04bd4e0a1a21fef81b1f24f6fb81c08,1034e43292e5dc5fe15729172cfb435e,delivered,2016-10-10 18:05:54,2016-10-21 10:31:00,2016-11-30 00:00:00
ef1b29b591d31d57c0d7337460dd83c9,108d8cbbb30750cf961bf635011d9552,delivered,2016-10-03 22:51:30,2016-11-01 15:14:45,2016-11-25 00:00:00
f001655c8c646cd1b5185bbc2e7534f3,11a09dab519948f22f19b265239ff687,delivered,2016-10-04 23:45:54,2016-10-24 16:25:22,2016-11-28 00:00:00
98beb6d036255a151fd6d5000ad66da8,31ec530ca6c36d8cd17146241c119887,delivered,2016-10-07 14:42:07,2016-10-18 05:56:37,2016-12-01 00:00:00
4551b488487e6cfa31f9e35073d3c5d4,0d085f8ec7d2e0ab26856ca2a14955f2,canceled,2016-10-09 12:43:21,NaN,2016-12-06 00:00:00
809a282bbd5dbcabb6f2f724fca862ec,016784346c1119828280815c2c6dda98,canceled,2016-09-13 15:24:19,NaN,2016-09-30 00:00:00
de1404a068c6c8c909897886a314bad7,2ca947be2dbb0219314e655f888bd799,delivered,2016-10-04 15:12:18,2016-10-24 20:35:44,2016-12-16 00:00:00
51725d3e4bdfc97e28b40543310da8a3,a0f95ab56c6d3a5ba0036b7fdfeda07f,delivered,2016-10-04 15:02:53,2016-10-26 13:21:41,2016-11-28 00:00:00
2276cb38c742033aac3f4a4d67b57ab3,1e4943bca6e827e979f0bf51fcbc2853,delivered,2016-10-06 17:42:49,2016-10-31 11:38:48,2016-11-30 00:00:00
c776863a93dc0740c6e7d78104b21413,1710b798ebdc5db6665c815b90a64999,delivered,2016-10-10 15:01:27,2016-12-14 08:03:48,2016-12-14 00:00:00
1970f2fb4b83ff962a75b064abc37f4c,09fef67c127958d557d5fae582d5091f,delivered,2016-10-06 07:53:10,2016-10-28 10:24:36,2016-11-30 00:00:00
e04f1da1f48bf2bbffcf57b9824f76e1,0c6e1c99ede0af1d66df832917e4d7bd,invoiced,2016-10-05 13:22:20,NaN,2016-11-29 00:00:00
3f913d30288c117e41ffe5cc74743dc9,29fe12563a56d3735707d3faed2c7292,shipped,2016-10-05 14:36:55,NaN,2016-11-29 00:00:00
d2292ff2201e74c5db154d1b7ae68cbb,1c583bfe596440a9292e2733a2cfe1c8,delivered,2016-10-04 16:05:29,2016-11-03 10:08:51,2016-11-24 00:00:00
032cf17f7a713287e46999fddea6051b,23a74d590627edc3207d90d96ec739a6,canceled,2016-10-07 12:21:07,NaN,2016-11-17 00:00:00
2fbb05b3ee700e1897b9fa501e416005,37a308b06e1cbc45c2c6a36fe586248d,delivered,2016-10-10 15:37:12,2016-10-25 20:11:24,2016-12-16 00:00:00
6e0d2539e48e84296bae6290de41058c,1fc56719b52f82c03caddc5faf531fbb,delivered,2016-10-04 19:41:52,2016-11-17 09:23:50,2016-11-30 00:00:00
640aef9709beda161ca0b5af58ac437c,2e4bda9c3b716e596451491497474dd3,delivered,2016-10-07 10:57:46,2016-10-27 12:41:31,2016-12-01 00:00:00
95d31d53ccc53bca2c13fcd535d67526,345243f3e37e32114d9cf17eb7a11c29,delivered,2016-10-07 14:40:45,2016-10-18 01:37:54,2016-12-05 00:00:00
63638a6806d67773f3adba8534553fff,16e14c1e6e050fe6730c961ff638ca23,delivered,2016-10-04 13:22:56,2016-11-25 13:17:37,2016-11-28 00:00:00
f7310018040436b01ab03f81b301b5de,efec125e0fd56164c37c9f1e1c804cd7,delivered,2016-10-07 11:20:34,2016-10-14 12:14:57,2016-11-29 00:00:00
04bc36cd51141e11c2cbbd188b6e47ca,12fd2740039676063a874b9567dfa651,delivered,2016-10-08 20:28:48,2016-10-16 15:35:21,2016-12-02 00:00:00
02190241f7190a1f3c7e0df95a749c6a,55c9044401ffab0c717f24405e2e042f,delivered,2016-10-07 10:52:22,2016-10-27 09:37:52,2016-11-29 00:00:00
96caf486ad384c707d860dbb4e519794,33552c5bee8385e905e8fee139427525,delivered,2016-10-10 10:20:13,2016-10-18 09:57:48,2016-12-02 00:00:00
bc0e0c28cbe995798d3afb7c7c75d269,24c42cb910c9de559ca201a43570a3f1,delivered,2016-10-08 01:28:14,2016-10-17 18:39:46,2016-12-02 00:00:00
0d9664d8da1dc4337269071b39e19423,cc2e48332039640e42842bdcd64fe4e2,delivered,2016-10-06 22:00:27,2016-10-27 13:36:27,2016-11-30 00:00:00
9315757eaf0e782619bed131508dbddb,2fd2dd64c8580ed8cfcb6cf39de52576,delivered,2016-10-07 09:41:02,2016-11-07 08:45:43,2016-11-29 00:00:00
ed90ba41c41da31da8e891ff43a584d1,21866995bb1dd2c15eea9269bfa0a8dd,delivered,2016-10-06 16:43:26,2016-10-14 15:59:10,2016-11-28 00:00:00
f31853a4f30d4851c847e4494663e749,cb26bdd25f8d8602f3b90e6a0c291ba0,delivered,2016-10-06 12:21:47,2016-10-24 20:55:37,2016-11-30 00:00:00
fbbc9a4fa88f1ccd651790df665b3e57,27a1881f4dd60525c887d0fc446513c3,delivered,2016-10-04 13:30:13,2016-10-28 17:05:47,2016-12-02 00:00:00
b533dea24ada4dc5c1a9041d25d7c812,31be798fe24a0cae8ce9a780b53d9757,delivered,2016-10-08 21:12:48,2016-10-28 16:31:34,2016-12-02 00:00:00
b0cfee6ce5503781be6004e0e31e4309,0af90dc6248673cdc112c7ce66a7372c,delivered,2016-10-04 18:07:24,2016-11-29 15:23:44,2016-11-28 00:00:00
95e01270fcbae9863423400103359279,323a3f2d3b2d3413da554ffd9e722d5d,delivered,2016-10-04 18:52:56,2016-11-04 17:54:00,2016-11-24 00:00:00
acf83f0e8fb878cb25197344426ed10b,b695437f3c8fa38c0ba037c7e13786c1,delivered,2016-10-05 09:46:43,2016-10-14 02:49:22,2016-12-09 00:00:00
50013835d7b14aefb452825864d3e414,0eb1f7243ce47d7b87fd0615123732b8,delivered,2016-10-04 16:08:52,2016-10-21 16:19:17,2016-11-24 00:00:00
cbbb524a0e1646aa6cf7a3c0bbe517ad,1d1978f8e820046fccfb94a20a3ae88b,delivered,2016-10-05 07:31:49,2016-10-16 14:36:00,2016-12-07 00:00:00
e2144124f98f3bf46939bc5183104041,8a908429ab808be823f1df65872d1bcb,delivered,2016-10-06 20:06:26,2016-10-15 11:00:25,2016-11-28 00:00:00
4d66b3a9d12facad48a3b23cc9fe7898,23bad2a966f86ce792967692edb060e9,delivered,2016-10-04 13:40:43,2016-10-17 19:41:12,2016-11-28 00:00:00
2d9e3c3c7f0f3ba8a8fa3db2f1211ceb,6b79d5d9914b88e0e05a19e76dfe926b,delivered,2016-10-05 17:09:07,2016-11-07 13:55:07,2016-11-29 00:00:00
50f357099566f1be7abfaf8d9dc5b004,04356ca5b944f7a92d6b103bdb44268a,delivered,2016-10-07 17:13:42,2016-10-24 16:34:06,2016-11-29 00:00:00
ed3d575bd3358123b063ee64cdecdef5,1eb544acef426d2268c038b8e3ff1b23,delivered,2016-10-08 16:02:07,2016-10-15 20:38:26,2016-11-30 00:00:00
dd845e1cdb19f08d029a727adc9a5a77,01f7b7a4e25cda9ce48c0f7263f7452d,invoiced,2016-10-10 09:59:46,NaN,2016-12-06 00:00:00
c4b41c36dd589e901f6879f25a74ec1d,6c15a0dd2659eccc596fa66ed05b23c7,delivered,2016-10-04 12:53:17,2016-11-09 13:37:38,2016-11-24 00:00:00
3e9334d33c1e64167920675211fb1aee,16391e75a1bbcb93785c6e816834227a,delivered,2016-10-10 14:20:38,2016-10-27 12:38:46,2016-12-06 00:00:00
03128233e78ed8ade6738f2043f4cf8d,680043a09260a212d1dec021dd1efadc,delivered,2016-10-04 19:01:13,2016-10-31 17:06:03,2016-11-28 00:00:00
86df4a2f1f5cd47ee3f5bf1781240d1a,2c129946f032bb0318e850a5e6b8fc21,delivered,2016-10-05 09:19:46,2016-10-26 10:38:43,2016-11-29 00:00:00
3d7d60b10ba4b43cf6f6d5df2e933f67,02cb3a8ef6e13d37560379559e2f533d,delivered,2016-10-10 18:09:39,2016-10-31 14:57:59,2016-11-30 00:00:00
a241bea87dcdd0160ca94ebdba5bdbb9,1b7c59aee917c754933d7e4a4a80d717,delivered,2016-10-06 09:22:35,2016-10-13 16:03:06,2016-11-28 00:00:00
676157c2d1075c88ea0009f8d7d2d389,139b25990a93de6dceaf6b7d5d8d4c3e,delivered,2016-10-07 10:18:50,2016-11-09 11:51:28,2016-12-13 00:00:00
38c5c2886f2aab75bb1ae3f79a3f300d,a40ff2b64b60d5862e132e9bcd1a71f0,delivered,2016-10-08 08:25:32,2016-10-26 12:05:38,2016-11-30 00:00:00
cfdc6f2061897ed3b3f1a9ac3437c6f9,1365d1374ca6c72869ff0c56963f176c,delivered,2016-10-04 22:03:46,2016-10-17 15:36:53,2016-11-28 00:00:00
9aa3197e4887919fde0307fc23601d7a,31a4ecf0bd3ea9436b7132bac1a1bdb3,delivered,2016-10-06 13:16:56,2016-10-17 19:08:17,2016-11-28 00:00:00
d6e32818428593eefe8ffd7e15acb83e,00d4c7cec24152e73f88312fdbf09ffa,delivered,2016-10-10 14:02:01,2016-10-19 04:01:38,2016-12-16 00:00:00
d2945e686c883978378a10e49be7fb24,00abf30c1a93c7c8b509cb80a22e4dd8,delivered,2016-10-06 19:38:12,2016-10-18 18:34:50,2016-11-28 00:00:00
0891b66cbcc48cf64f31ae9cae3d08d8,18a0e3a650bfc5f55df2c50a0af08378,delivered,2016-10-09 13:57:42,2016-10-27 12:54:57,2016-11-30 00:00:00
770d331c84e5b214bd9dc70a10b829d0,26e9e703719564f56b66f0addf051094,canceled,2016-10-07 14:52:30,2016-10-14 15:07:11,2016-11-29 00:00:00
57c0b0276ce0eaf721a4424bf077ce8b,680043a09260a212d1dec021dd1efadc,delivered,2016-10-08 08:05:21,2016-11-09 13:41:20,2016-12-14 00:00:00
5cd498954e2b37d71b315166809b4bd7,ff1a56726b7ea149c7423865609cc0c8,delivered,2016-10-07 00:54:40,2016-10-27 17:32:07,2016-12-01 00:00:00
92d731517f17c26f16182d45498c4c3d,08cc91b88d0bb7f6de3352195fa86775,canceled,2016-10-05 11:23:13,NaN,2016-11-14 00:00:00
985db56d4cabd2577d0960194dd2cd5a,075bde3b991b8124d2e603026781cda8,delivered,2016-10-04 15:35:35,2016-10-28 15:03:48,2016-11-30 00:00:00
f7886facb594e65f0c41cdbb0583b560,1fc1c90ea86cf0ab56bfb6e442245e7a,delivered,2016-10-05 20:20:57,2016-10-20 18:14:50,2016-11-29 00:00:00
97d2f8fe76f2f253b8291e17b5383884,0558be6a6e500f5cf3ab336365099074,shipped,2016-10-05 11:54:15,NaN,2016-12-07 00:00:00
4b038a7f8dfc36755eca741381e379e3,e53edc46664edce7794d86baca23f75b,delivered,2016-10-10 11:39:06,2016-11-24 14:55:43,2016-12-08 00:00:00
021d08e4057e5b6414c8d2f69f4f72a0,1f59c9e6b19ba3dad43015a93678f878,delivered,2016-10-07 17:37:49,2016-10-30 01:25:57,2016-12-19 00:00:00
c4f710df20f7d1500da1aef81a993f65,065980c7bb4853a9ff23199ac044171c,delivered,2016-10-10 15:50:01,2016-10-26 16:35:46,2016-12-14 00:00:00
356b492aba2d1a7da886e54e0b6212b7,784608ae9769c456e844ad45c1ef9e63,delivered,2016-10-04 14:44:33,2016-10-31 14:23:50,2016-11-28 00:00:00
59f26737bbeea8142a7e982cfce13e7a,38d6cffeef5be009846ee63f2328d680,delivered,2016-10-10 12:39:06,2016-10-17 14:01:34,2016-12-14 00:00:00
35d8c6d5e060ad24271ffda186312ef8,38fa25096a695e1972739e2dd6821f83,delivered,2016-10-10 08:36:05,2016-10-15 13:42:50,2016-12-02 00:00:00
6b3ee7697a02619a0ace2b3f0aa46bde,21a6abdf0197fbe57451bd0a1d3c59a2,delivered,2016-10-04 17:08:39,2016-11-21 10:38:51,2016-11-24 00:00:00
ca3b8093576a51bea61c9782c7771f62,1ac1430bcebe7977df7bab47cb4227ee,delivered,2016-10-05 17:14:27,2016-10-24 16:33:31,2016-11-25 00:00:00
b2f92b2f7047cd8b35580d629d7b3bfb,1cbeb91a58bd89ee2df1bc32f3311209,delivered,2016-10-05 08:04:21,2016-11-17 16:23:47,2016-11-25 00:00:00
75fb23d26903b71ce3dd550ae22d2cc1,1265125ec446b88b4079ce368f6e9595,delivered,2016-10-10 09:23:48,2016-10-17 13:02:46,2016-11-30 00:00:00
8fe36dfd03ccfe3ed3d492c146705b9d,259a34dc549bc1b416006cc0200cfdc9,delivered,2016-10-09 22:34:11,2016-10-18 18:04:27,2016-11-30 00:00:00
e5215415bb6f76fe3b7cb68103a0d1c0,1f6ba909178c5b0e523cabcadb617a4c,canceled,2016-10-22 08:25:27,NaN,2016-10-24 00:00:00
3b697a20d9e427646d92567910af6d57,355077684019f7f60a031656bd7262b8,delivered,2016-10-03 09:44:50,2016-10-26 14:02:13,2016-10-27 00:00:00
a41c8759fbe7aab36ea07e038b2d4465,6b79d5d9914b88e0e05a19e76dfe926b,delivered,2016-10-03 21:13:36,2016-11-03 10:58:07,2016-11-29 00:00:00
cb29497c3782a76b57327c055d58b0e0,663c23427108785957931a3ac88f6085,delivered,2016-10-04 16:41:59,2016-10-29 12:53:41,2016-11-28 00:00:00
4723d255a158f5b6c5a872264e3529c5,3776a22e0579b156f6c7664e0a9b640d,delivered,2016-10-08 20:16:05,2016-10-16 15:55:15,2016-12-06 00:00:00
90aea7c4e52538a18cb9bbfd16f09185,1aafbd6c618138bdea72b569bc4482d8,delivered,2016-10-04 19:25:29,2016-11-17 13:07:53,2016-11-28 00:00:00
2631dba338efbcea9c3ace77ce210c01,65309c5241d286f148b3ebf5f81a3e1c,delivered,2016-10-06 08:28:19,2016-12-15 13:35:55,2017-01-09 00:00:00
92b44b87f1f7670b8911c5f0e642435e,1402b31a46b7bb594499ae2d188b2913,delivered,2016-10-05 11:08:46,2016-10-13 07:45:48,2016-11-25 00:00:00
ae8a60e4b03c5a4ba9ca0672c164b181,17bf9cb64d60724e449971a027dba7c8,delivered,2016-10-03 22:44:10,2016-11-03 14:04:50,2016-12-01 00:00:00
f716dffba1232aaef7c899fb8c14db97,0320b57550ef2aea72c685cc12c09ecd,delivered,2016-10-07 15:12:40,2016-10-14 15:59:26,2016-11-25 00:00:00
56eb381fff8db8d35134693062514084,00bae1a0d3566c3af0c3c67fd2204935,processing,2016-10-09 12:34:53,NaN,2016-12-30 00:00:00
323dad8c483c7f8b818a825d257f4aa0,021833e9737a1145b5a6e3053f0f4329,delivered,2016-10-06 20:05:04,2016-10-14 10:16:04,2016-11-28 00:00:00
a08d1f4b300c3d7ec52f5f9a74234eca,0d708e354668577599a4ec73b3b27679,delivered,2016-10-10 11:08:53,2016-10-21 16:25:05,2016-11-30 00:00:00
09dd83f72b2516179cd46b81121fad23,2428ce92c7cecc70052fdbe27248797e,delivered,2016-10-10 16:55:10,2016-11-28 15:38:37,2016-12-12 00:00:00
ae0913baa54f18027667d8049c36fde2,10de381f8a8d23fff822753305f71cae,delivered,2016-10-04 18:02:37,2016-10-31 13:17:48,2016-11-30 00:00:00
bfd31c6f76ff82a41e7beb05565aec4d,1bd6b1b425cc25c6e0c79f68d28fe2fb,canceled,2016-10-04 14:51:15,NaN,2016-12-14 00:00:00
82e4f033f60598903866557d89c9c042,769ff3a041b439485ac1e0db67d72fcb,delivered,2016-10-08 10:26:41,2016-10-28 14:11:26,2016-12-14 00:00:00
d743f434cc2921729af830ce00d474b3,c4406d76fa8017368e37f9b5cf078cde,delivered,2016-10-06 13:02:32,2016-10-24 18:13:49,2016-11-30 00:00:00
08edff712f0cd04883215bdb5b0d7c7f,230787cbf8da57cbd10d7c223cde6f1f,delivered,2016-10-08 13:54:03,2016-10-15 16:34:44,2016-11-30 00:00:00
99d3df1714b20b9eb9734e731927379a,137cde6ffb788ba7d5f56000bfdab63b,delivered,2016-10-08 23:46:06,2016-10-16 16:57:14,2016-12-02 00:00:00
7254ba1421bac35de5d5da660715bf0e,bf725177f884f54d91f03c29eff25683,delivered,2016-10-07 22:46:51,2016-10-28 12:11:38,2016-12-01 00:00:00
a8c3f65a43b2e956cbfca10db4300853,04c834ed53ed3ebdf68fa561bdc20e5e,delivered,2016-10-04 23:39:01,2016-10-20 19:14:53,2016-11-24 00:00:00
a9fc3ae13c740ad46532fd50b61c69d5,04a043776b45158df5f274435321c199,delivered,2016-10-04 22:43:33,2016-10-13 15:44:57,2016-11-28 00:00:00
7a36fa82d4bcff7d936c10be470b9c8e,2155e6e404e41736933c696382c1328b,delivered,2016-10-05 23:14:34,2016-10-19 20:57:33,2016-12-05 00:00:00
05bfcf9e287cad216cadb8a850f8db5c,51cc1e38d0489d588d7a687da73b2458,delivered,2016-10-06 10:47:15,2016-11-07 11:18:58,2016-11-30 00:00:00
1add1aa4c6e709fd74a4eb691a9fc6bc,076a5ddb5b1240c532093a399dcb47f5,delivered,2016-10-06 17:45:30,2016-10-14 08:29:50,2016-12-06 00:00:00
6ef172eee30cfbfa01516ce2eb2ee68f,3405fe4705e91fb81b731c97b65310bb,delivered,2016-10-07 11:37:12,2016-10-15 03:51:25,2016-11-29 00:00:00
f69ae31bce06a78d626762b53067c7e0,08c95eb831d93a76079d7e24a117db29,invoiced,2016-10-06 00:12:47,NaN,2016-12-02 00:00:00
b8b9d7046c083150cb5360b83a8ebb51,1164a980b6dee0683ced648a79ab761a,delivered,2016-10-06 12:51:54,2016-10-18 13:24:17,2016-11-28 00:00:00
835bf4777ad72891587719f1098e3528,17b3e7f93c1683a293e92623a77cbf80,delivered,2016-10-07 08:28:29,2016-10-14 09:09:13,2016-11-29 00:00:00
376cc9a8f827d17966ea7c4b182f4426,d107d120d25c054cc96132e3a88bd900,delivered,2016-10-07 19:16:49,2016-10-14 19:28:40,2016-11-29 00:00:00
5204d67853f827d1ee32810bf8f2d6c2,296c26d206e506dc9b6ae943e7324ffa,delivered,2016-10-04 17:25:09,2016-10-13 15:45:44,2016-11-28 00:00:00
b7026ba7432929d99880463305b8ce98,0a088a15031cf50f98f92d3e525ec7a3,delivered,2016-10-06 16:17:56,2016-11-10 15:14:34,2016-12-06 00:00:00
a68ce1686d536ca72bd2dadc4b8671e5,18a6f45b5b6ac7558018737eeec04faa,shipped,2016-10-05 01:47:40,NaN,2016-12-01 00:00:00
c3d9e402b6a0fbe2a5f7fc5b41117c38,0cd1a2bb6d3d5b3eb6baf77af2578405,delivered,2016-10-04 10:16:04,2016-11-08 10:41:54,2016-12-08 00:00:00
5cc475c7c03290048eb2e742cd64cb5e,2838a8fff1a7dd43ea7d6e49786118e3,delivered,2016-10-04 21:54:52,2016-12-12 20:31:54,2016-11-24 00:00:00
35d3a51724a47ef1d0b89911e39cc4ff,27ab53f26192510ff85872aeb3759dcc,delivered,2016-10-04 14:23:50,2016-10-26 15:03:52,2016-12-20 00:00:00
89f586f0cbddc6428831c41c8c333c66,36457bf11ff115bb8c485a44c4749c48,delivered,2016-10-09 12:46:25,2016-10-17 02:55:39,2016-12-02 00:00:00
eb45ce36240dbf895bef98be0d1a85d3,0176dd91cb1143804dd30b2f4968b23a,invoiced,2016-10-07 08:49:03,NaN,2016-12-09 00:00:00
dc18a044b56ed174037ca164cdf2e921,8762f5a57da0d4ac0936522a83bfd9e0,unavailable,2016-10-05 14:16:28,NaN,2016-11-29 00:00:00
24523db64c1af3f40f27cb4416fa5ea6,10ca6e617f38bd5d217ba0fea655b709,delivered,2016-10-07 21:19:32,2016-10-20 00:47:34,2016-12-01 00:00:00
0efd0bc268d34da3f01f4ff25a6d4335,4e980e0ab8106b6976d795063aeb3a51,shipped,2016-10-07 15:53:31,NaN,2016-12-13 00:00:00
7cb5aaf8b7b7b439174c2e4efdf4c7a3,0b217d8da6b2afcd904aa1240a06ef81,delivered,2016-10-06 10:13:53,2016-11-07 13:14:44,2016-11-30 00:00:00
fd4b04818375a4ba579a80c8d37f1b24,0b3e90a83c52a1db4ffd061f30cbb865,delivered,2016-10-07 14:15:50,2016-10-19 00:47:36,2016-12-01 00:00:00
7d0eb8de17d494f4151e4470cd1b0605,37f6cb0c73a428a9933a40e06c5f9962,delivered,2016-10-06 17:10:05,2016-10-17 19:29:03,2016-11-28 00:00:00
84d8cb80e8228cbea6d970499c3ce3c3,2bea781be88980e68fb5bbac765fccdb,delivered,2016-10-08 09:55:44,2016-10-27 23:51:13,2016-11-28 00:00:00
14b01335f19b97fce1437168032ae388,10d74e1a3adaeada0d8da4a2b2891cc3,delivered,2016-10-05 19:09:33,2016-10-18 20:37:33,2016-11-29 00:00:00
3d58fd1ee438a43f2a826dda6b013519,189bd9e8be3f4b136966c6d9309c3ecd,delivered,2016-10-06 19:33:34,2016-10-24 16:21:57,2016-12-06 00:00:00
620b0acb9258b51defbc51804c5298d5,e9c40158510e4577046c6a0b4a11538c,canceled,2016-10-04 11:44:01,NaN,2016-12-06 00:00:00
ed8c7b1b3eb256c70ce0c74231e1da88,057adf4557a4a3544a67ea4221b891c0,delivered,2016-10-04 09:59:03,2016-11-18 08:51:07,2016-11-24 00:00:00
2825848807f070485f0f0ef3829758f4,5decf38298507f43551a5ca799ac67c4,delivered,2016-10-09 22:36:44,2016-10-17 12:03:19,2016-11-30 00:00:00
45973912e490866800c0aea8f63099c8,912f108a7026f25f99240a5c4c60e2c3,shipped,2016-10-07 22:45:28,NaN,2016-12-01 00:00:00
7559c51df991c6861e6a8be5fb1e3751,d0c290abc509f5f994f9ece9e856769c,delivered,2016-10-07 23:18:38,2016-10-26 14:47:42,2016-12-01 00:00:00
67adba02e0955286954975ea56f9d17f,91b4af9b2ac8383791cbdd789c95383b,delivered,2016-10-09 22:38:35,2016-10-27 17:32:07,2016-12-02 00:00:00
60856ac7677a70cd87ad25d9b34d051b,11bc83941d71647de90138579c9fc4f7,invoiced,2016-10-06 14:36:59,NaN,2016-11-28 00:00:00
b88cd65e1d90bf6e185bf9b6f0b614cd,16150771dfd4776261284213b89c304e,delivered,2016-10-10 12:54:46,2016-10-18 17:13:12,2016-11-30 00:00:00
1a47da1d66c70489c8e35fe2b5433ab7,1ff886d030252e3a0b3a86d4cbfb3503,unavailable,2016-10-07 18:16:31,NaN,2016-12-07 00:00:00
ad1aeeb1a99c9f021e38a49865bb812c,6deeb4ffef6cf320ef5a642302f04104,delivered,2016-10-05 12:41:38,2016-10-26 13:31:53,2016-12-09 00:00:00
d868cf92a5a1305fc7277c60062e81ac,1a60a8db259932e22cdc14ac1cc25df0,delivered,2016-10-08 17:43:26,2016-10-26 12:58:25,2016-12-14 00:00:00
cb2b577a4ebd84bf84ff3990084d490f,38efc316910029abb94b32e27de7bd11,delivered,2016-10-05 17:11:49,2016-10-31 21:41:43,2016-11-29 00:00:00
4dd47e84e6b8ff4a63d0b8425e6d788e,230787cbf8da57cbd10d7c223cde6f1f,unavailable,2016-10-06 23:49:18,NaN,2016-11-24 00:00:00
7a7d2c889e27d93b2005462a8788e168,fec1fc12bd2473836d0a3f18a622e20f,delivered,2016-10-05 00:32:31,2016-10-31 14:03:48,2016-11-25 00:00:00
85841af0d94e5d0cd3a9c0e42e565b74,1ac79e9244083a16d968ef53e9f52f59,delivered,2016-10-05 22:39:46,2016-10-13 16:03:33,2016-11-25 00:00:00
6ad644c08b98d152d28f183097633d41,421d65b7d24e669c0d728b6ad9c0742c,delivered,2016-10-08 04:01:53,2016-10-20 21:12:42,2016-11-30 00:00:00
dc91dbf7defabdf37c52672a989bad1b,04065ecc8bc4cfd1228121cd5426e8db,delivered,2016-10-06 12:22:07,2016-10-27 05:38:36,2016-12-02 00:00:00
3c3ca08854ca922fe8e9cedfd6841c8a,0493e61ff10b220ec4799578e4cb7e96,unavailable,2016-10-08 12:13:38,NaN,2016-11-30 00:00:00
31b0dd6152d2e471443debf037ae171d,031f08a1ebdcfb5e706831bf64de3860,delivered,2016-10-05 12:32:55,2016-10-13 16:03:46,2016-11-23 00:00:00
0ec61157a488963fe217233f74c52760,01415cfeb907d8ce0e17075b4c097fe9,delivered,2016-10-09 23:50:37,2016-10-31 11:54:44,2016-12-02 00:00:00
5b1376fe61863fe3508011db309e35fe,055b119daa2b0c88aa10a4e00a2dd728,delivered,2016-10-04 13:16:57,2016-10-17 20:24:25,2016-12-08 00:00:00
b1d88d1e4179448cac98b8d433e23316,06ebadeeb0acfedd1526d66bfb71b061,delivered,2016-10-06 15:14:09,2016-10-27 12:27:36,2016-12-02 00:00:00
d01f0aba52a4d7b2cca8d7623538a434,4a6ed71930a8dcd917e76a360713582c,delivered,2016-10-10 07:03:07,2016-11-10 10:59:01,2016-12-12 00:00:00
cac247cece621e1bc64748d44331d22d,366ed69223476beea6b38ebc2ea2eadc,delivered,2016-10-05 12:34:04,2016-11-04 14:31:26,2016-12-07 00:00:00
aef214f769de82d355c5d2ab49e15891,2660e136a18b12ef20651a987333b662,invoiced,2016-10-06 13:07:13,NaN,2016-12-02 00:00:00
c8258090bca7cc6a62c1e15d7fd995d4,b0de74a8396c6592f2ac3946725ec901,delivered,2016-10-08 21:58:32,2016-11-08 14:24:44,2016-12-02 00:00:00
f9b03f7a6e5788ffb6cb6b4cd0d01892,057bb54363f46f97416ba8888ea1ccb0,delivered,2016-10-10 02:17:55,2016-11-16 14:13:37,2016-12-02 00:00:00
88130f20a472f28fcca9dd5d50358820,09aa95fd4e9472f20a0beed7b6ef0681,delivered,2016-10-04 21:35:54,2016-10-18 22:57:42,2016-11-28 00:00:00
8b388d845a3e8700444b971fa2bef902,00474d2582fd72663036795b7ab8cfc1,delivered,2016-10-04 22:33:44,2016-11-08 14:03:58,2016-12-06 00:00:00
d1eb8e4e276a4eea13a5c462c0765e60,25efd76e2a587902b55689c2d3eaea8c,delivered,2016-10-04 19:30:28,2016-10-13 03:10:34,2016-12-06 00:00:00
6460e331ee8f69c01f1423cca48d9991,033f5ddbb536a477e81abd786f23f452,delivered,2016-10-10 11:17:11,2016-11-24 15:44:05,2016-12-02 00:00:00
59e7ca596664da0a459a145eb95cc9c5,1642b8087a8ca0c8592becff7e183c98,delivered,2016-10-05 14:40:44,2016-10-24 16:20:49,2016-11-25 00:00:00
f781dacd75aa73166785a35929546894,6fa16a8d44a2d9a89710e9758688c7f2,delivered,2016-10-06 08:58:04,2016-11-08 13:08:37,2016-11-28 00:00:00
19feb5627c41ea1b36a8e50a469b3644,9b2cf59573a725de29e6527c1e123a4b,delivered,2016-10-07 17:09:56,2016-10-20 19:07:54,2016-12-01 00:00:00
ed83f6065ae47112c8cfbd22e231b6d8,13d366a15142a8b6f7e39caa24ccb1cc,invoiced,2016-10-08 11:47:15,NaN,2016-11-30 00:00:00
8e7ef380ad5ae407dffbe2f0826cae73,302037e19e5e8b4a502e3d66d59464e7,delivered,2016-10-07 09:33:06,2016-10-18 06:02:45,2016-12-01 00:00:00
389815397a4bcdf3dcf64b90c25b3140,133eee4cb72bfa75495f89f416d7aa36,delivered,2016-10-05 20:36:39,2016-10-16 17:51:52,2016-11-29 00:00:00
e4ccaabafa125b3b39a9331b0abced9d,b02db5f33d926aceb47b5355ea2222ff,delivered,2016-10-08 09:50:08,2016-10-25 15:18:48,2016-11-30 00:00:00
c46b48abd599551232324a6e9077bf19,0df5896a6f325a7c16bbe6c4d80eb82f,delivered,2016-10-05 11:01:40,2016-10-13 15:49:48,2016-12-05 00:00:00
7ac6f4778cd283c6b76c66fe1e0d4431,f2b7b740f0eec308afa55f1a994f21b8,delivered,2016-10-07 10:11:42,2016-10-18 17:21:51,2016-12-05 00:00:00
3379d980824f0aa5dab057f2530759bb,17e6d37366dc8c8865588b0d1740d606,delivered,2016-10-10 16:39:37,2016-10-19 04:01:59,2016-12-02 00:00:00
10d1e90a86d2be981a52b6a927c97dc5,6b3ed42b480bc5831a094f35dc11b668,delivered,2016-10-06 15:19:40,2016-11-07 16:26:10,2016-12-12 00:00:00
a909c24a30d5a05204ecb7ef3f11e321,378149ca89a5e5020931071114dd8865,delivered,2016-10-07 21:50:26,2016-10-14 22:15:33,2016-12-05 00:00:00
fb5114c39f632a52598cf770c6076620,38658a45235ad07f51a84607654e53f1,delivered,2016-10-08 20:02:32,2016-10-19 17:31:37,2016-12-06 00:00:00
bb9fd560a08ca7403789dedaca85da14,109752cc7796656c8d504f634e66aead,delivered,2016-10-04 21:25:32,2016-11-05 11:04:57,2016-11-28 00:00:00
063b573b88fc80e516aba87df524f809,285195a5b585842e25bd1ef9015a8413,shipped,2016-10-07 19:17:00,NaN,2016-12-01 00:00:00
7d7bf3ee337c36ce012762da5f28f53a,07eaacc0443dccf0e8ff42b5652a2949,invoiced,2016-10-07 10:46:03,NaN,2016-12-01 00:00:00
98750f114ae6088d04ea0d3cfe3f137f,01fc05160cf790b9ed54ec795ff07688,delivered,2016-10-05 11:44:41,2016-10-28 12:23:43,2016-11-29 00:00:00
ddaec6fff982b13e7e048b627a11d6da,1afa170bc9d15b2d50c3af7fa5255717,canceled,2016-10-04 19:41:32,NaN,2016-11-16 00:00:00
ac00d3859c095d282f6bef69e0ed1b38,00da45766aa7d360508cf25434334a8d,delivered,2016-10-06 18:03:01,2016-10-15 18:32:03,2016-12-20 00:00:00
a041155864e5141116458291313b35c2,33e66871536941873f7c041f120012be,delivered,2016-10-04 15:10:15,2016-10-13 15:56:28,2016-11-24 00:00:00
bd726a1bcd046edd7019cee8a66245f7,955770ad791e4fd9f7b797f565055ae8,delivered,2016-10-08 18:39:08,2016-10-15 11:02:24,2016-12-02 00:00:00
1c4cafd25254eee31c8c9b8c141fb10a,5f6106098e8a7d8d4f33deb3fcd97ff8,delivered,2016-10-06 10:12:12,2016-10-27 11:43:40,2016-12-06 00:00:00
1069874467b6a425853288c450f68fc9,e7823ca26db4ecf5dc0e4cb58435b0e6,delivered,2016-10-07 22:51:32,2016-10-28 13:51:23,2016-11-29 00:00:00
54bb06e1ca86bd99ee2a8d6288bf4ede,8713663b0e741841fa3110a6eea7335b,unavailable,2016-10-06 13:38:39,NaN,2016-12-12 00:00:00
1f66f9bfd244a5383aeb00a84ad12a66,1ee92569128ef615966b47ef4ba6c2f0,canceled,2016-10-10 10:49:54,NaN,2016-12-08 00:00:00
7033745709b7cf1bac7d2533663592de,11c70faf3288eebd047af567c657e428,delivered,2016-10-04 14:13:22,2016-10-11 14:46:49,2016-11-30 00:00:00
0e556f5eafbf3eb399290101b183b10e,198b639c2da0e7f71ae2b720ad67f47d,delivered,2016-10-06 18:50:25,2016-10-13 19:31:39,2016-12-02 00:00:00
893dc49276696129a9bf6f2a9fe23e57,2865cc1e26f68403d48e4b9fdf4e6a77,delivered,2016-10-04 20:41:55,2016-11-03 15:17:39,2016-11-28 00:00:00
12ca240539e7029e0328f0a410c12ad1,0c63b4438ff050942153aaa4c19ad1d3,delivered,2016-10-10 16:00:33,2016-10-17 17:43:18,2016-12-02 00:00:00
79ffdd52a918bbe867895a4b183d6457,36bb86967d3a46938a1082eb16fe38d3,delivered,2016-10-04 12:06:11,2016-10-26 16:41:21,2016-11-24 00:00:00
5fe46d14177744ae2180101ce19bb414,2fb9b13fc8a42cc45676f92144996ab3,delivered,2016-10-07 10:06:58,2016-11-01 16:37:59,2016-12-09 00:00:00
cd3b8574c82b42fc8129f6d502690c3e,06479157217d318eb931662aa26919da,delivered,2016-10-03 22:31:31,2016-10-14 16:08:00,2016-11-23 00:00:00
6ece326e25f193d084e3dc092bbdd93b,0fccc41bbc39fdf529019305f1db8113,delivered,2016-10-06 20:15:20,2016-10-24 16:17:54,2016-11-30 00:00:00
ab8e5f9b860cd703f5f647200c2c7b58,17b02ec522ef587a82a5b69450648f1b,delivered,2016-10-06 09:07:52,2016-10-31 21:42:17,2016-12-02 00:00:00
8729a8f7c27d03afe731463091711489,11ec73ddb032be97ae8f0219cce6cfa3,delivered,2016-10-05 17:16:17,2016-11-01 18:18:59,2016-12-01 00:00:00
45bff70fb7b99a5a33bc8ccb3786e170,21cf8b03074c935aa1de2d527371916f,delivered,2016-10-09 22:38:37,2016-10-17 13:02:12,2016-12-02 00:00:00
711b9be9c346d9ecdb9d38a5e1e7e39b,117c74aa6cd3541068f9c0915dd95fc0,invoiced,2016-10-04 13:38:37,NaN,2016-11-24 00:00:00
48c43415ea1c4af9afa92542183b6e55,fb4b4cb8bda9db9b27e86ac7865d4e7e,delivered,2016-10-10 17:49:21,2016-11-01 14:14:46,2016-12-02 00:00:00
1a2b0033f0b7a3116f00594ec5524344,1d65236b903e944ca24271c42aa4a221,delivered,2016-10-06 22:23:25,2016-10-20 23:58:23,2016-12-20 00:00:00
d2266b035a47467c40d174c6f55cf4dd,28fdcbdf2ebc3b9d20d4a810cec6a8b7,delivered,2016-10-10 04:31:17,2016-10-20 08:08:49,2016-12-02 00:00:00
d0fc18b01244d3a08b0fd12deede8201,da70cbcb5012f2055b4f2c90d28725fc,delivered,2016-10-06 07:08:15,2016-10-31 11:27:54,2016-11-30 00:00:00
e2eaf909eb6ba881117aa407992a5ffb,054a61b5ef37f443a58664bdea26488e,delivered,2016-10-05 11:05:52,2016-11-14 15:03:36,2016-11-25 00:00:00
5c973d2b4652e1dec15353b59339f3b4,1716045791057027d5bb15d0b91c243c,delivered,2016-10-07 10:45:48,2016-10-14 12:13:52,2016-11-25 00:00:00
98974b076b01553d49ee6467905675a7,10b3e012bc771fc11a6e84b631efedce,delivered,2016-10-04 15:44:44,2016-11-17 08:38:57,2016-11-24 00:00:00
9bd5312d12f48b04a460f702baff3d8c,062850c890eb64c3bec2243bd551fb8f,canceled,2016-10-06 20:43:30,NaN,2016-11-16 00:00:00
b157079a62d77688a0f66043aa1f0306,006866a6f9ef10d3a85292859c4deae1,delivered,2016-10-08 15:42:14,2016-10-15 18:54:23,2016-12-02 00:00:00
71303d7e93b399f5bcd537d124c0bcfa,3810ae52bde69bed0acd162b5c18aadb,canceled,2016-10-02 22:07:52,NaN,2016-10-25 00:00:00
0c7fc95baa5e16992ed412ccea7f28b3,1e2968f158c10197bda882f5be736e2d,delivered,2016-10-05 08:46:55,2016-10-14 03:10:07,2016-12-01 00:00:00
7fd4b0e047195ca197c3660772a8d8c0,0126adf5308223f7cba2e84f97ac0d9b,canceled,2016-10-08 07:02:33,NaN,2016-11-18 00:00:00
d207cc272675637bfed0062edffd0818,24173430606acc6ef07c90bced8f0537,delivered,2016-10-03 22:06:03,2016-10-31 11:07:42,2016-11-23 00:00:00
d3c8851a6651eeff2f73b0e011ac45d0,249aeb4430d6123a4ea5c4dc3a895d3d,processing,2016-10-05 22:44:13,NaN,2016-12-09 00:00:00
c4e980a1d822db426982878b3cfdda6e,1c91bcd4142213a9d1926d24ed87c255,invoiced,2016-10-08 22:06:28,NaN,2016-12-12 00:00:00
6e5fe7366a2e1bfbf3257dba0af1267f,5263febf1413e9a60ceb7b842008b7ef,delivered,2016-10-09 22:36:25,2016-10-17 13:02:21,2016-12-06 00:00:00
90bd4466c2905d7b5b56370149e62bcc,1a6ae0c3bbfa4819e6d83bb7e1f95c58,delivered,2016-10-09 11:33:12,2016-10-21 21:17:53,2016-12-06 00:00:00
f883e09a1fb01318052c6ab839efb34a,12dca0bf14588cc10f18a9f9abaef604,delivered,2016-10-10 12:54:37,2016-10-28 10:27:47,2016-12-12 00:00:00
5a7ae4ca802c14fdff19558a4fee8727,3140c5d46f2d38e4f14a9675359d6a27,invoiced,2016-10-10 17:16:03,NaN,2016-12-06 00:00:00
